1,Make Me a Pizza,Physical,Spreading food on pizza,"By spreading food on pizza, children engage in fine motor skills development."
2,Shall We Dance?,Physical,Dancing,"Through dancing, children learn gross motor movement and body coordination."
3,Time to Draw!,Physical,Drawing,Drawing helps children develop fine motor skills and creative expression.
4,Who is faster?,Physical,Racing,Engaging in races helps children develop logic and physical coordination.
5,At the Races,Physical,Racing,Participating in races aids in prediction skills and physical activity.
6,Stop that Ball!,Physical,Moving,"Playing games like ""Stop that Ball!"" helps in gross motor skills and coordination."
7,Lego Activity,Physical,Building Lego,Playing with Legos promotes fine motor skills and creativity.
8,Where will it go?,Physical,Drawing,"Drawing activities like ""Where will it go?"" develop spatial awareness and planning."
9,Piloting a Boat,Physical,Piloting a boat,Practicing boat piloting enhances motor skills and spatial awareness.
10,I’m Here to Help,Social-emotional,Morality,"Engaging in moral activities like ""I’m Here to Help"" encourages empathy and cooperation."
11,Kaleidoscope,Social-emotional,Theory of mind,"Activities like ""Kaleidoscope"" foster theory of mind understanding and perspective taking."
12,Counting Quickly,Social-emotional,Sharing,Counting activities promote sharing and cooperative behavior.
13,Lego Activity,Social-emotional,Egocentrism,Playing with Legos helps children understand egocentrism and social interaction.
14,Twinkle Star Theater,Social-emotional,Acting,"Participating in theater activities like ""Twinkle Star Theater"" fosters creativity and social skills."
15,Eating the Rainbow,Sensory,Food,Exploring different foods helps children develop sensory experiences and dietary awareness.
16,Kaleidoscope,Sensory,Colors,Using a kaleidoscope promotes sensory exploration of colors and patterns.
17,Time to Draw!,Sensory,Drawing,Drawing activities provide sensory input and encourage creativity.
18,"Ahoy, There!",Sensory,Vision-size constancy,"Engaging in activities like ""Ahoy, There!"" develops visual perception and size constancy."
19,Bilingual Activity,Cognitive,Foreign language,Participating in bilingual activities helps in language acquisition and cognitive flexibility.
20,Nutrition,Cognitive,Sorting into categories,Sorting foods into categories aids in cognitive development and dietary awareness.
21,Money,Cognitive,Math/counting,Engaging in activities involving money promotes math skills and financial literacy.
22,Sorting,Cognitive,Sorting by size,Sorting objects by size enhances cognitive skills and categorization abilities.
23,Bones,Cognitive,Symbolic play,Engaging in symbolic play with bones promotes imagination and understanding of abstract concepts.
24,Eating the Rainbow,Cognitive,Food,Exploring different foods promotes sensory experiences and dietary awareness.
25,Going to the Doctor,Cognitive,Mapping,"Role-playing activities like ""Going to the Doctor"" enhance spatial awareness and social understanding."
26,Make Me a Pizza,Cognitive,Math/counting,Engaging in pizza-making activities involves math skills and counting.
27,Advanced Pizza Making,Cognitive,Advanced math,"Activities like ""Advanced Pizza Making"" develop more complex math skills and problem-solving."
28,Order up!,Cognitive,Memory,"Memory games like ""Order up!"" enhance cognitive skills and recall abilities."
29,Planning a Party,Cognitive,Planning skills,"Planning activities like ""Planning a Party"" develop organizational skills and foresight."
30,Fire Fighter!,Cognitive,Symbolic play,Engaging in symbolic play as a firefighter promotes imagination and problem-solving.
31,Kaleidoscope,Cognitive,Theory of mind,"Activities like ""Kaleidoscope"" foster theory of mind understanding and perspective taking."
32,Counting Quickly,Cognitive,Counting,Counting activities promote numeracy and cognitive development.
33,How the Mind Wanders,Cognitive,Memory,"Activities like ""How the Mind Wanders"" enhance memory and attention abilities."
34,Time to Draw!,Cognitive,Representation,Drawing activities promote creativity and visual-spatial skills.
35,Bilingual Activity,Communication,Foreign language,Engaging in bilingual activities helps in language acquisition and cultural understanding.
36,Letters,Communication,Recognizing letters,Letter recognition activities promote literacy skills and phonemic awareness.
37,The Case of the Missing Letter,Communication,Word completion,Word completion activities enhance vocabulary and language comprehension.
38,Surely You’re Joking,Communication,Metaphor,Engaging in metaphorical expressions promotes linguistic creativity and understanding.
